USE extraordinary_shop;

-- ========= customer (20) =========
INSERT INTO customer(first_name,last_name,email,phone,status,created_at) VALUES
('First1','Last1','user1@email.com','+447700900001','ACTIVE','2026-01-01 09:00:00'),
('First2','Last2','user2@email.com','+447700900002','ACTIVE','2026-01-02 09:00:00'),
('First3','Last3','user3@email.com','+447700900003','ACTIVE','2026-01-03 09:00:00'),
('First4','Last4','user4@email.com','+447700900004','ACTIVE','2026-01-04 09:00:00'),
('First5','Last5','user5@email.com','+447700900005','ACTIVE','2026-01-05 09:00:00'),
('First6','Last6','user6@email.com','+447700900006','ACTIVE','2026-01-06 09:00:00'),
('First7','Last7','user7@email.com','+447700900007','ACTIVE','2026-01-07 09:00:00'),
('First8','Last8','user8@email.com','+447700900008','ACTIVE','2026-01-08 09:00:00'),
('First9','Last9','user9@email.com','+447700900009','ACTIVE','2026-01-09 09:00:00'),
('First10','Last10','user10@email.com','+447700900010','SUSPENDED','2026-01-10 09:00:00'),
('First11','Last11','user11@email.com','+447700900011','ACTIVE','2026-01-11 09:00:00'),
('First12','Last12','user12@email.com','+447700900012','ACTIVE','2026-01-12 09:00:00'),
('First13','Last13','user13@email.com','+447700900013','ACTIVE','2026-01-13 09:00:00'),
('First14','Last14','user14@email.com','+447700900014','ACTIVE','2026-01-14 09:00:00'),
('First15','Last15','user15@email.com','+447700900015','ACTIVE','2026-01-15 09:00:00'),
('First16','Last16','user16@email.com','+447700900016','ACTIVE','2026-01-16 09:00:00'),
('First17','Last17','user17@email.com','+447700900017','ACTIVE','2026-01-17 09:00:00'),
('First18','Last18','user18@email.com','+447700900018','ACTIVE','2026-01-18 09:00:00'),
('First19','Last19','user19@email.com','+447700900019','ACTIVE','2026-01-19 09:00:00'),
('First20','Last20','user20@email.com','+447700900020','CLOSED','2026-01-20 09:00:00');

-- ========= address (20) =========
INSERT INTO address(line1,city,country,postcode) VALUES
('1 Example Street','London','UK','PC001'),
('2 Example Street','Manchester','UK','PC002'),
('3 Example Street','Birmingham','UK','PC003'),
('4 Example Street','Leeds','UK','PC004'),
('5 Example Street','Glasgow','UK','PC005'),
('6 Example Street','London','UK','PC006'),
('7 Example Street','Manchester','UK','PC007'),
('8 Example Street','Birmingham','UK','PC008'),
('9 Example Street','Leeds','UK','PC009'),
('10 Example Street','Glasgow','UK','PC010'),
('11 Example Street','London','UK','PC011'),
('12 Example Street','Manchester','UK','PC012'),
('13 Example Street','Birmingham','UK','PC013'),
('14 Example Street','Leeds','UK','PC014'),
('15 Example Street','Glasgow','UK','PC015'),
('16 Example Street','London','UK','PC016'),
('17 Example Street','Manchester','UK','PC017'),
('18 Example Street','Birmingham','UK','PC018'),
('19 Example Street','Leeds','UK','PC019'),
('20 Example Street','Glasgow','UK','PC020');

-- ========= customer_address (40) : each customer has BILLING + SHIPPING =========
INSERT INTO customer_address(customer_id,address_id,address_type,is_primary) VALUES
(1,1,'BILLING',TRUE),(1,1,'SHIPPING',TRUE),
(2,2,'BILLING',TRUE),(2,2,'SHIPPING',TRUE),
(3,3,'BILLING',TRUE),(3,3,'SHIPPING',TRUE),
(4,4,'BILLING',TRUE),(4,4,'SHIPPING',TRUE),
(5,5,'BILLING',TRUE),(5,5,'SHIPPING',TRUE),
(6,6,'BILLING',TRUE),(6,6,'SHIPPING',TRUE),
(7,7,'BILLING',TRUE),(7,7,'SHIPPING',TRUE),
(8,8,'BILLING',TRUE),(8,8,'SHIPPING',TRUE),
(9,9,'BILLING',TRUE),(9,9,'SHIPPING',TRUE),
(10,10,'BILLING',TRUE),(10,10,'SHIPPING',TRUE),
(11,11,'BILLING',TRUE),(11,11,'SHIPPING',TRUE),
(12,12,'BILLING',TRUE),(12,12,'SHIPPING',TRUE),
(13,13,'BILLING',TRUE),(13,13,'SHIPPING',TRUE),
(14,14,'BILLING',TRUE),(14,14,'SHIPPING',TRUE),
(15,15,'BILLING',TRUE),(15,15,'SHIPPING',TRUE),
(16,16,'BILLING',TRUE),(16,16,'SHIPPING',TRUE),
(17,17,'BILLING',TRUE),(17,17,'SHIPPING',TRUE),
(18,18,'BILLING',TRUE),(18,18,'SHIPPING',TRUE),
(19,19,'BILLING',TRUE),(19,19,'SHIPPING',TRUE),
(20,20,'BILLING',TRUE),(20,20,'SHIPPING',TRUE);

-- ========= category (20) =========
INSERT INTO category(category_name) VALUES
('Category_1'),('Category_2'),('Category_3'),('Category_4'),('Category_5'),
('Category_6'),('Category_7'),('Category_8'),('Category_9'),('Category_10'),
('Category_11'),('Category_12'),('Category_13'),('Category_14'),('Category_15'),
('Category_16'),('Category_17'),('Category_18'),('Category_19'),('Category_20');

-- ========= product (20) =========
INSERT INTO product(product_name,description,price,active) VALUES
('Product_1','Description 1',12.99,TRUE),
('Product_2','Description 2',15.49,TRUE),
('Product_3','Description 3',18.00,TRUE),
('Product_4','Description 4',21.99,TRUE),
('Product_5','Description 5',25.00,TRUE),
('Product_6','Description 6',29.50,TRUE),
('Product_7','Description 7',34.99,TRUE),
('Product_8','Description 8',39.99,TRUE),
('Product_9','Description 9',44.00,TRUE),
('Product_10','Description 10',49.99,TRUE),
('Product_11','Description 11',55.00,TRUE),
('Product_12','Description 12',60.00,TRUE),
('Product_13','Description 13',65.99,TRUE),
('Product_14','Description 14',70.00,TRUE),
('Product_15','Description 15',75.49,TRUE),
('Product_16','Description 16',80.00,TRUE),
('Product_17','Description 17',85.99,TRUE),
('Product_18','Description 18',90.00,TRUE),
('Product_19','Description 19',95.50,TRUE),
('Product_20','Description 20',99.99,TRUE);

-- ========= product_category (40): each product mapped to two categories =========
INSERT INTO product_category(product_id,category_id) VALUES
(1,1),(1,6),
(2,2),(2,7),
(3,3),(3,8),
(4,4),(4,9),
(5,5),(5,10),
(6,6),(6,11),
(7,7),(7,12),
(8,8),(8,13),
(9,9),(9,14),
(10,10),(10,15),
(11,11),(11,16),
(12,12),(12,17),
(13,13),(13,18),
(14,14),(14,19),
(15,15),(15,20),
(16,16),(16,1),
(17,17),(17,2),
(18,18),(18,3),
(19,19),(19,4),
(20,20),(20,5);





-- ========= supplier (20) =========
INSERT INTO supplier(supplier_name,contact_phone) VALUES
('Supplier_1','+44123000001'),
('Supplier_2','+44123000002'),
('Supplier_3','+44123000003'),
('Supplier_4','+44123000004'),
('Supplier_5','+44123000005'),
('Supplier_6','+44123000006'),
('Supplier_7','+44123000007'),
('Supplier_8','+44123000008'),
('Supplier_9','+44123000009'),
('Supplier_10','+44123000010'),
('Supplier_11','+44123000011'),
('Supplier_12','+44123000012'),
('Supplier_13','+44123000013'),
('Supplier_14','+44123000014'),
('Supplier_15','+44123000015'),
('Supplier_16','+44123000016'),
('Supplier_17','+44123000017'),
('Supplier_18','+44123000018'),
('Supplier_19','+44123000019'),
('Supplier_20','+44123000020');

-- ========= product_supplier (40) =========
-- Each product gets 2 suppliers (product_id 1..20 -> supplier_id patterns)
INSERT INTO product_supplier(product_id,supplier_id,supply_cost) VALUES
(1,1,7.50),(1,8,8.10),
(2,2,8.00),(2,9,8.60),
(3,3,8.50),(3,10,9.10),
(4,4,9.00),(4,11,9.60),
(5,5,9.50),(5,12,10.10),
(6,6,10.00),(6,13,10.60),
(7,7,10.50),(7,14,11.10),
(8,8,11.00),(8,15,11.60),
(9,9,11.50),(9,16,12.10),
(10,10,12.00),(10,17,12.60),
(11,11,12.50),(11,18,13.10),
(12,12,13.00),(12,19,13.60),
(13,13,13.50),(13,20,14.10),
(14,14,14.00),(14,1,14.60),
(15,15,14.50),(15,2,15.10),
(16,16,15.00),(16,3,15.60),
(17,17,15.50),(17,4,16.10),
(18,18,16.00),(18,5,16.60),
(19,19,16.50),(19,6,17.10),
(20,20,17.00),(20,7,17.60);

-- ========= warehouse (5) =========
INSERT INTO warehouse(warehouse_name,city) VALUES
('Warehouse_North','Manchester'),
('Warehouse_South','London'),
('Warehouse_Mid','Birmingham'),
('Warehouse_East','Leeds'),
('Warehouse_West','Glasgow');

-- ========= inventory (100) =========
-- 5 warehouses x 20 products = 100 rows (20+ satisfied strongly)
INSERT INTO inventory(warehouse_id,product_id,stock_qty,reorder_level) VALUES
-- Warehouse 1 (products 1..20)
(1,1,80,20),(1,2,75,20),(1,3,70,20),(1,4,65,20),(1,5,60,20),
(1,6,55,20),(1,7,50,20),(1,8,45,20),(1,9,40,20),(1,10,35,20),
(1,11,90,20),(1,12,85,20),(1,13,78,20),(1,14,72,20),(1,15,68,20),
(1,16,58,20),(1,17,52,20),(1,18,48,20),(1,19,43,20),(1,20,38,20),

-- Warehouse 2
(2,1,60,20),(2,2,58,20),(2,3,55,20),(2,4,53,20),(2,5,50,20),
(2,6,48,20),(2,7,45,20),(2,8,42,20),(2,9,40,20),(2,10,37,20),
(2,11,70,20),(2,12,68,20),(2,13,63,20),(2,14,61,20),(2,15,59,20),
(2,16,52,20),(2,17,49,20),(2,18,46,20),(2,19,44,20),(2,20,41,20),

-- Warehouse 3
(3,1,45,20),(3,2,43,20),(3,3,42,20),(3,4,40,20),(3,5,38,20),
(3,6,36,20),(3,7,35,20),(3,8,33,20),(3,9,31,20),(3,10,30,20),
(3,11,55,20),(3,12,52,20),(3,13,50,20),(3,14,48,20),(3,15,46,20),
(3,16,40,20),(3,17,38,20),(3,18,35,20),(3,19,33,20),(3,20,31,20),

-- Warehouse 4
(4,1,35,20),(4,2,34,20),(4,3,33,20),(4,4,32,20),(4,5,31,20),
(4,6,30,20),(4,7,28,20),(4,8,27,20),(4,9,26,20),(4,10,25,20),
(4,11,45,20),(4,12,43,20),(4,13,41,20),(4,14,40,20),(4,15,38,20),
(4,16,34,20),(4,17,32,20),(4,18,30,20),(4,19,28,20),(4,20,26,20),

-- Warehouse 5
(5,1,25,20),(5,2,24,20),(5,3,23,20),(5,4,22,20),(5,5,21,20),
(5,6,20,20),(5,7,19,20),(5,8,18,20),(5,9,17,20),(5,10,16,20),
(5,11,30,20),(5,12,29,20),(5,13,28,20),(5,14,27,20),(5,15,26,20),
(5,16,22,20),(5,17,21,20),(5,18,20,20),(5,19,19,20),(5,20,18,20);






-- ========= promotion (20) =========
INSERT INTO promotion(promo_code,promo_type,value,start_date,end_date) VALUES
('PROMO001','PERCENT',10,'2026-01-01','2026-12-31'),
('PROMO002','FIXED',5,'2026-01-01','2026-12-31'),
('PROMO003','PERCENT',15,'2026-01-01','2026-12-31'),
('PROMO004','FIXED',8,'2026-01-01','2026-12-31'),
('PROMO005','PERCENT',20,'2026-01-01','2026-12-31'),
('PROMO006','FIXED',3,'2026-01-01','2026-12-31'),
('PROMO007','PERCENT',12,'2026-01-01','2026-12-31'),
('PROMO008','FIXED',6,'2026-01-01','2026-12-31'),
('PROMO009','PERCENT',18,'2026-01-01','2026-12-31'),
('PROMO010','FIXED',4,'2026-01-01','2026-12-31'),
('PROMO011','PERCENT',9,'2026-01-01','2026-12-31'),
('PROMO012','FIXED',7,'2026-01-01','2026-12-31'),
('PROMO013','PERCENT',14,'2026-01-01','2026-12-31'),
('PROMO014','FIXED',10,'2026-01-01','2026-12-31'),
('PROMO015','PERCENT',25,'2026-01-01','2026-12-31'),
('PROMO016','FIXED',2,'2026-01-01','2026-12-31'),
('PROMO017','PERCENT',11,'2026-01-01','2026-12-31'),
('PROMO018','FIXED',9,'2026-01-01','2026-12-31'),
('PROMO019','PERCENT',17,'2026-01-01','2026-12-31'),
('PROMO020','FIXED',12,'2026-01-01','2026-12-31');

-- ========= orders (40) =========
-- customer_id cycles 1..20 twice
INSERT INTO orders(customer_id,order_date,status,subtotal,discount_total,total_amount,expected_delivery_date,is_overdue) VALUES
(1,'2026-01-01 10:00:00','DELIVERED',120.00,10.00,110.00,'2026-01-06',FALSE),
(2,'2026-01-02 10:00:00','SHIPPED',95.00,5.00,90.00,'2026-01-07',FALSE),
(3,'2026-01-03 10:00:00','CONFIRMED',60.00,0.00,60.00,'2026-01-08',FALSE),
(4,'2026-01-04 10:00:00','PENDING',40.00,0.00,40.00,'2026-01-09',FALSE),
(5,'2026-01-05 10:00:00','CONFIRMED',150.00,15.00,135.00,'2026-01-10',FALSE),
(6,'2026-01-06 10:00:00','DELIVERED',80.00,8.00,72.00,'2026-01-11',FALSE),
(7,'2026-01-07 10:00:00','SHIPPED',55.00,5.00,50.00,'2026-01-12',FALSE),
(8,'2026-01-08 10:00:00','CONFIRMED',200.00,20.00,180.00,'2026-01-13',FALSE),
(9,'2026-01-09 10:00:00','PENDING',70.00,0.00,70.00,'2026-01-14',FALSE),
(10,'2026-01-10 10:00:00','CONFIRMED',110.00,10.00,100.00,'2026-01-15',FALSE),
(11,'2026-01-11 10:00:00','DELIVERED',90.00,0.00,90.00,'2026-01-16',FALSE),
(12,'2026-01-12 10:00:00','SHIPPED',130.00,12.00,118.00,'2026-01-17',FALSE),
(13,'2026-01-13 10:00:00','CONFIRMED',75.00,5.00,70.00,'2026-01-18',FALSE),
(14,'2026-01-14 10:00:00','PENDING',45.00,0.00,45.00,'2026-01-19',FALSE),
(15,'2026-01-15 10:00:00','CONFIRMED',160.00,20.00,140.00,'2026-01-20',FALSE),
(16,'2026-01-16 10:00:00','DELIVERED',85.00,0.00,85.00,'2026-01-21',FALSE),
(17,'2026-01-17 10:00:00','SHIPPED',65.00,5.00,60.00,'2026-01-22',FALSE),
(18,'2026-01-18 10:00:00','CONFIRMED',210.00,10.00,200.00,'2026-01-23',FALSE),
(19,'2026-01-19 10:00:00','PENDING',50.00,0.00,50.00,'2026-01-24',FALSE),
(20,'2026-01-20 10:00:00','CONFIRMED',140.00,15.00,125.00,'2026-01-25',FALSE),

(1,'2026-01-21 10:00:00','DELIVERED',60.00,0.00,60.00,'2026-01-26',FALSE),
(2,'2026-01-22 10:00:00','SHIPPED',105.00,10.00,95.00,'2026-01-27',FALSE),
(3,'2026-01-23 10:00:00','CONFIRMED',90.00,5.00,85.00,'2026-01-28',FALSE),
(4,'2026-01-24 10:00:00','PENDING',35.00,0.00,35.00,'2026-01-29',FALSE),
(5,'2026-01-25 10:00:00','CONFIRMED',155.00,5.00,150.00,'2026-01-30',FALSE),
(6,'2026-01-26 10:00:00','DELIVERED',75.00,3.00,72.00,'2026-01-31',FALSE),
(7,'2026-01-27 10:00:00','SHIPPED',95.00,0.00,95.00,'2026-02-01',FALSE),
(8,'2026-01-28 10:00:00','CONFIRMED',180.00,18.00,162.00,'2026-02-02',FALSE),
(9,'2026-01-29 10:00:00','PENDING',65.00,5.00,60.00,'2026-02-03',FALSE),
(10,'2026-01-30 10:00:00','CONFIRMED',100.00,0.00,100.00,'2026-02-04',FALSE),
(11,'2026-01-31 10:00:00','DELIVERED',120.00,10.00,110.00,'2026-02-05',FALSE),
(12,'2026-02-01 10:00:00','SHIPPED',150.00,0.00,150.00,'2026-02-06',FALSE),
(13,'2026-02-02 10:00:00','CONFIRMED',85.00,8.00,77.00,'2026-02-07',FALSE),
(14,'2026-02-03 10:00:00','PENDING',55.00,5.00,50.00,'2026-02-08',FALSE),
(15,'2026-02-04 10:00:00','CONFIRMED',200.00,20.00,180.00,'2026-02-09',FALSE),
(16,'2026-02-05 10:00:00','DELIVERED',90.00,0.00,90.00,'2026-02-10',FALSE),
(17,'2026-02-06 10:00:00','SHIPPED',110.00,10.00,100.00,'2026-02-11',FALSE),
(18,'2026-02-07 10:00:00','CONFIRMED',70.00,0.00,70.00,'2026-02-12',FALSE),
(19,'2026-02-08 10:00:00','PENDING',45.00,0.00,45.00,'2026-02-13',FALSE),
(20,'2026-02-09 10:00:00','CONFIRMED',160.00,15.00,145.00,'2026-02-14',FALSE);

-- ========= order_item (80) =========
-- 2 items per order (order_id 1..40)
INSERT INTO order_item(order_id,product_id,quantity,unit_price) VALUES
(1,1,2,12.99),(1,5,1,25.00),
(2,2,1,15.49),(2,6,2,29.50),
(3,3,3,18.00),(3,7,1,34.99),
(4,4,1,21.99),(4,8,1,39.99),
(5,5,2,25.00),(5,9,1,44.00),
(6,6,1,29.50),(6,10,1,49.99),
(7,7,2,34.99),(7,11,1,55.00),
(8,8,1,39.99),(8,12,2,60.00),
(9,9,2,44.00),(9,13,1,65.99),
(10,10,1,49.99),(10,14,1,70.00),
(11,11,2,55.00),(11,15,1,75.49),
(12,12,1,60.00),(12,16,1,80.00),
(13,13,2,65.99),(13,17,1,85.99),
(14,14,1,70.00),(14,18,1,90.00),
(15,15,2,75.49),(15,19,1,95.50),
(16,16,1,80.00),(16,20,1,99.99),
(17,17,2,85.99),(17,1,1,12.99),
(18,18,1,90.00),(18,2,1,15.49),
(19,19,2,95.50),(19,3,1,18.00),
(20,20,1,99.99),(20,4,1,21.99),

(21,1,1,12.99),(21,6,1,29.50),
(22,2,2,15.49),(22,7,1,34.99),
(23,3,1,18.00),(23,8,1,39.99),
(24,4,2,21.99),(24,9,1,44.00),
(25,5,1,25.00),(25,10,1,49.99),
(26,6,2,29.50),(26,11,1,55.00),
(27,7,1,34.99),(27,12,1,60.00),
(28,8,2,39.99),(28,13,1,65.99),
(29,9,1,44.00),(29,14,1,70.00),
(30,10,2,49.99),(30,15,1,75.49),
(31,11,1,55.00),(31,16,1,80.00),
(32,12,2,60.00),(32,17,1,85.99),
(33,13,1,65.99),(33,18,1,90.00),
(34,14,2,70.00),(34,19,1,95.50),
(35,15,1,75.49),(35,20,1,99.99),
(36,16,2,80.00),(36,1,1,12.99),
(37,17,1,85.99),(37,2,1,15.49),
(38,18,2,90.00),(38,3,1,18.00),
(39,19,1,95.50),(39,4,1,21.99),
(40,20,2,99.99),(40,5,1,25.00);

-- ========= payment (40) =========
-- one payment per order
INSERT INTO payment(order_id,paid_on,amount,method) VALUES
(1,'2026-01-01 12:00:00',110.00,'CARD'),
(2,'2026-01-02 12:00:00',90.00,'PAYPAL'),
(3,'2026-01-03 12:00:00',60.00,'CARD'),
(4,'2026-01-04 12:00:00',40.00,'BANK_TRANSFER'),
(5,'2026-01-05 12:00:00',135.00,'CARD'),
(6,'2026-01-06 12:00:00',72.00,'PAYPAL'),
(7,'2026-01-07 12:00:00',50.00,'CARD'),
(8,'2026-01-08 12:00:00',180.00,'CARD'),
(9,'2026-01-09 12:00:00',70.00,'BANK_TRANSFER'),
(10,'2026-01-10 12:00:00',100.00,'CARD'),
(11,'2026-01-11 12:00:00',90.00,'PAYPAL'),
(12,'2026-01-12 12:00:00',118.00,'CARD'),
(13,'2026-01-13 12:00:00',70.00,'CARD'),
(14,'2026-01-14 12:00:00',45.00,'BANK_TRANSFER'),
(15,'2026-01-15 12:00:00',140.00,'CARD'),
(16,'2026-01-16 12:00:00',85.00,'PAYPAL'),
(17,'2026-01-17 12:00:00',60.00,'CARD'),
(18,'2026-01-18 12:00:00',200.00,'CARD'),
(19,'2026-01-19 12:00:00',50.00,'BANK_TRANSFER'),
(20,'2026-01-20 12:00:00',125.00,'CARD'),

(21,'2026-01-21 12:00:00',60.00,'CARD'),
(22,'2026-01-22 12:00:00',95.00,'PAYPAL'),
(23,'2026-01-23 12:00:00',85.00,'CARD'),
(24,'2026-01-24 12:00:00',35.00,'BANK_TRANSFER'),
(25,'2026-01-25 12:00:00',150.00,'CARD'),
(26,'2026-01-26 12:00:00',72.00,'PAYPAL'),
(27,'2026-01-27 12:00:00',95.00,'CARD'),
(28,'2026-01-28 12:00:00',162.00,'CARD'),
(29,'2026-01-29 12:00:00',60.00,'BANK_TRANSFER'),
(30,'2026-01-30 12:00:00',100.00,'CARD'),
(31,'2026-01-31 12:00:00',110.00,'PAYPAL'),
(32,'2026-02-01 12:00:00',150.00,'CARD'),
(33,'2026-02-02 12:00:00',77.00,'CARD'),
(34,'2026-02-03 12:00:00',50.00,'BANK_TRANSFER'),
(35,'2026-02-04 12:00:00',180.00,'CARD'),
(36,'2026-02-05 12:00:00',90.00,'PAYPAL'),
(37,'2026-02-06 12:00:00',100.00,'CARD'),
(38,'2026-02-07 12:00:00',70.00,'CARD'),
(39,'2026-02-08 12:00:00',45.00,'BANK_TRANSFER'),
(40,'2026-02-09 12:00:00',145.00,'CARD');

-- ========= shipment (40) =========
-- order_id unique, warehouse_id cycles 1..5
INSERT INTO shipment(order_id,warehouse_id,shipped_on,delivered_on,carrier,tracking_number) VALUES
(1,1,'2026-01-02','2026-01-05','DHL','TRK00001'),
(2,2,'2026-01-03',NULL,'DPD','TRK00002'),
(3,3,NULL,NULL,NULL,NULL),
(4,4,NULL,NULL,NULL,NULL),
(5,5,'2026-01-06',NULL,'RoyalMail','TRK00005'),
(6,1,'2026-01-07','2026-01-10','DHL','TRK00006'),
(7,2,'2026-01-08',NULL,'DPD','TRK00007'),
(8,3,'2026-01-09',NULL,'DHL','TRK00008'),
(9,4,NULL,NULL,NULL,NULL),
(10,5,'2026-01-11',NULL,'RoyalMail','TRK00010'),
(11,1,'2026-01-12','2026-01-15','DHL','TRK00011'),
(12,2,'2026-01-13',NULL,'DPD','TRK00012'),
(13,3,'2026-01-14',NULL,'DHL','TRK00013'),
(14,4,NULL,NULL,NULL,NULL),
(15,5,'2026-01-16',NULL,'RoyalMail','TRK00015'),
(16,1,'2026-01-17','2026-01-20','DHL','TRK00016'),
(17,2,'2026-01-18',NULL,'DPD','TRK00017'),
(18,3,'2026-01-19',NULL,'DHL','TRK00018'),
(19,4,NULL,NULL,NULL,NULL),
(20,5,'2026-01-21',NULL,'RoyalMail','TRK00020'),

(21,1,'2026-01-22','2026-01-25','DHL','TRK00021'),
(22,2,'2026-01-23',NULL,'DPD','TRK00022'),
(23,3,'2026-01-24',NULL,'DHL','TRK00023'),
(24,4,NULL,NULL,NULL,NULL),
(25,5,'2026-01-26',NULL,'RoyalMail','TRK00025'),
(26,1,'2026-01-27','2026-01-30','DHL','TRK00026'),
(27,2,'2026-01-28',NULL,'DPD','TRK00027'),
(28,3,'2026-01-29',NULL,'DHL','TRK00028'),
(29,4,NULL,NULL,NULL,NULL),
(30,5,'2026-01-31',NULL,'RoyalMail','TRK00030'),
(31,1,'2026-02-01','2026-02-04','DHL','TRK00031'),
(32,2,'2026-02-02',NULL,'DPD','TRK00032'),
(33,3,'2026-02-03',NULL,'DHL','TRK00033'),
(34,4,NULL,NULL,NULL,NULL),
(35,5,'2026-02-05',NULL,'RoyalMail','TRK00035'),
(36,1,'2026-02-06','2026-02-09','DHL','TRK00036'),
(37,2,'2026-02-07',NULL,'DPD','TRK00037'),
(38,3,'2026-02-08',NULL,'DHL','TRK00038'),
(39,4,NULL,NULL,NULL,NULL),
(40,5,'2026-02-10',NULL,'RoyalMail','TRK00040');

-- ========= order_promotion (40) =========
-- apply 1 promotion per order
INSERT INTO order_promotion(order_id,promo_id,applied_amount) VALUES
(1,1,10.00),(2,2,5.00),(3,3,15.00),(4,4,8.00),(5,5,15.00),
(6,6,3.00),(7,7,12.00),(8,8,6.00),(9,9,18.00),(10,10,4.00),
(11,11,9.00),(12,12,7.00),(13,13,14.00),(14,14,10.00),(15,15,20.00),
(16,16,2.00),(17,17,11.00),(18,18,9.00),(19,19,17.00),(20,20,12.00),
(21,1,0.00),(22,2,10.00),(23,3,5.00),(24,4,0.00),(25,5,5.00),
(26,6,3.00),(27,7,0.00),(28,8,18.00),(29,9,5.00),(30,10,0.00),
(31,11,10.00),(32,12,0.00),(33,13,8.00),(34,14,5.00),(35,15,20.00),
(36,16,2.00),(37,17,10.00),(38,18,0.00),(39,19,0.00),(40,20,15.00);

-- ========= loyalty_account (20) =========
INSERT INTO loyalty_account(customer_id,points_balance,tier) VALUES
(1,120,'SILVER'),
(2,40,'BRONZE'),
(3,300,'GOLD'),
(4,10,'BRONZE'),
(5,0,'BRONZE'),
(6,500,'PLATINUM'),
(7,90,'SILVER'),
(8,200,'GOLD'),
(9,15,'BRONZE'),
(10,60,'SILVER'),
(11,5,'BRONZE'),
(12,150,'GOLD'),
(13,25,'BRONZE'),
(14,70,'SILVER'),
(15,320,'GOLD'),
(16,8,'BRONZE'),
(17,110,'SILVER'),
(18,45,'BRONZE'),
(19,210,'GOLD'),
(20,30,'BRONZE');

-- ========= loyalty_txn (20) =========
-- one txn per loyalty account
INSERT INTO loyalty_txn(loyalty_id,txn_time,points_change,reason) VALUES
(1,'2026-01-02 09:00:00',+20,'Order reward'),
(2,'2026-01-03 09:00:00',+10,'Order reward'),
(3,'2026-01-04 09:00:00',+50,'Order reward'),
(4,'2026-01-05 09:00:00',+5,'Order reward'),
(5,'2026-01-06 09:00:00',+0,'No points'),
(6,'2026-01-07 09:00:00',+100,'VIP reward'),
(7,'2026-01-08 09:00:00',+15,'Order reward'),
(8,'2026-01-09 09:00:00',+40,'Order reward'),
(9,'2026-01-10 09:00:00',+5,'Order reward'),
(10,'2026-01-11 09:00:00',+10,'Order reward'),
(11,'2026-01-12 09:00:00',+2,'Order reward'),
(12,'2026-01-13 09:00:00',+30,'Order reward'),
(13,'2026-01-14 09:00:00',+5,'Order reward'),
(14,'2026-01-15 09:00:00',+12,'Order reward'),
(15,'2026-01-16 09:00:00',+60,'Order reward'),
(16,'2026-01-17 09:00:00',+2,'Order reward'),
(17,'2026-01-18 09:00:00',+18,'Order reward'),
(18,'2026-01-19 09:00:00',+8,'Order reward'),
(19,'2026-01-20 09:00:00',+35,'Order reward'),
(20,'2026-01-21 09:00:00',+10,'Order reward');


